Amplitude,Amplitude_Error,Mean,Mean_Error,Width,Width_Error,Time ratio
87.36096663630414,6.711365815005358,19.44409151201094,0.017964870333676195,0.2863726820903025,0.025406195700539803,1.0
171.13844157372526,9.941618640106377,20.577143835924105,0.013467557966080974,0.2839336306290112,0.01904600444518621,1.1199403034105453
285.1593621658584,6.619001388865516,21.964673429073283,0.005835633594862264,0.3079087105572918,0.00825283265417873,1.2760690882308312
332.9612852139305,6.803320020517944,23.69660780614419,0.005941850529379962,0.3561514069315582,0.008403080114449952,1.4852414081979857
318.49280891233525,5.76689366911886,25.919741409856865,0.006303745683742719,0.4264104140612282,0.00891787312755076,1.7769942239234129
263.3495888604352,4.963871193058097,28.922663862850342,0.007884512543022757,0.5128248292184172,0.011269413349244835,2.212591643325255
180.70745776726,3.481193208031903,33.35183234975743,0.01036033586119018,0.6590752349151644,0.015487202967977719,2.942145086378668
130.06780962663365,3.3270886065478797,40.79438688682192,0.01616520074191217,0.7694066846392555,0.025885763469914058,4.4017513686657
48.31382227522573,2.771134317436486,56.703360955999614,0.08529548707862353,1.045884264113993,0.13100528754682542,8.504372805934052
